{
  "n": 35449,
  "mean": 0.0022706137252931774,
  "median": -0.0054602076124568005,
  "p": 8.697918483457912e-06,
  "boot_p": 0.389,
  "oos_pos": 3,
  "verdict": "REJECTED",
  "fails": [
    "median<=0",
    "boot_p=0.389"
  ]
}