{
  "0.0": {
    "fav": {
      "n": 722.0,
      "mean": 0.06692,
      "median": -0.082,
      "maxloss": -0.082,
      "avghold": 10.58864,
      "winrate": 0.33518,
      "calmar": 0.81612
    },
    "unf": {
      "n": 401.0,
      "mean": 0.04228,
      "median": -0.03392,
      "maxloss": -0.082,
      "avghold": 12.03741,
      "winrate": 0.41147,
      "calmar": 0.51562
    },
    "diff": 0.02464,
    "p": 0.20691
  },
  "0.2": {
    "fav": {
      "n": 525.0,
      "mean": 0.07152,
      "median": -0.082,
      "maxloss": -0.082,
      "avghold": 9.96571,
      "winrate": 0.32381,
      "calmar": 0.87216
    },
    "unf": {
      "n": 220.0,
      "mean": 0.03082,
      "median": -0.0745,
      "maxloss": -0.082,
      "avghold": 11.20455,
      "winrate": 0.40455,
      "calmar": 0.37591
    },
    "diff": 0.04069,
    "p": 0.06011
  },
  "0.5": {
    "fav": {
      "n": 326.0,
      "mean": 0.08809,
      "median": -0.082,
      "maxloss": -0.082,
      "avghold": 8.83436,
      "winrate": 0.27607,
      "calmar": 1.07433
    },
    "unf": {
      "n": 75.0,
      "mean": 0.06052,
      "median": -0.082,
      "maxloss": -0.082,
      "avghold": 9.42667,
      "winrate": 0.37333,
      "calmar": 0.73807
    },
    "diff": 0.02757,
    "p": 0.48919
  }
}