{
  "engulfing": {
    "A": {
      "n": 60,
      "mean": 0.034249921543662715,
      "median": 0.09988429836334922,
      "maxloss": -0.17503267372296372,
      "avghold": 10.116666666666667,
      "excess": 0.030610952501490884,
      "p": 0.033
    },
    "D": {
      "n": 60,
      "mean": 0.06771911233642802,
      "median": -0.029799595979737078,
      "maxloss": -0.082,
      "avghold": 10.983333333333333,
      "excess": 0.05070702651280351,
      "p": 0.078
    }
  },
  "fvg": {
    "A": {
      "n": 534,
      "mean": 0.0280527386933243,
      "median": 0.0566498343001246,
      "maxloss": -0.2524898297210496,
      "avghold": 8.94943820224719,
      "excess": 0.024290522471095522,
      "p": 0.0
    },
    "D": {
      "n": 534,
      "mean": 0.05937344721128796,
      "median": -0.04189031207424415,
      "maxloss": -0.082,
      "avghold": 8.260299625468164,
      "excess": 0.038888977663875376,
      "p": 0.0
    }
  },
  "engulfing_short": {
    "A": {
      "n": 87,
      "mean": 0.010762589996317098,
      "median": 0.046226135250840406,
      "maxloss": -0.2861191066997517,
      "avghold": 10.172413793103448,
      "excess": 0.018718971620825205,
      "p": 0.094
    },
    "D": {
      "n": 87,
      "mean": 0.008686867127644935,
      "median": -0.02099999999999995,
      "maxloss": -0.082,
      "avghold": 9.126436781609195,
      "excess": 0.013419565256569838,
      "p": 0.126
    }
  },
  "fvg_short": {
    "A": {
      "n": 426,
      "mean": -0.008818710946894456,
      "median": -0.013892287960224126,
      "maxloss": -0.6632997658079625,
      "avghold": 9.640845070422536,
      "excess": -0.0011040020972561456,
      "p": 0.566
    },
    "D": {
      "n": 426,
      "mean": 0.00011802298666987716,
      "median": -0.082,
      "maxloss": -0.082,
      "avghold": 11.772300469483568,
      "excess": 0.005796993373198128,
      "p": 0.126
    }
  }
}