{
  "engulfing": {
    "A": {
      "n": 60,
      "mean": 0.034249921543662715,
      "median": 0.09988429836334922,
      "maxloss": -0.17503267372296372,
      "avghold": 10.116666666666667,
      "excess": 0.031609403953608915,
      "p": 0.036,
      "calmar": 0.1957
    },
    "D": {
      "n": 60,
      "mean": 0.0640888014963234,
      "median": -0.03329323376136915,
      "maxloss": -0.082,
      "avghold": 11.183333333333334,
      "excess": 0.04461489148784714,
      "p": 0.11,
      "calmar": 0.7816
    },
    "gate": {
      "verdict": "adopt_d",
      "detail": "E[R] D=+6.41% A=+3.42%  MDD D=-8.2% A=-17.5%  Calmar D=0.782 A=0.196  우위 3/3"
    }
  },
  "fvg": {
    "A": {
      "n": 534,
      "mean": 0.027752467135467567,
      "median": 0.0566498343001246,
      "maxloss": -0.2524898297210496,
      "avghold": 8.96816479400749,
      "excess": 0.024504368853249765,
      "p": 0.0,
      "calmar": 0.1099
    },
    "D": {
      "n": 534,
      "mean": 0.05844684144858144,
      "median": -0.04084344702911502,
      "maxloss": -0.082,
      "avghold": 8.576779026217228,
      "excess": 0.036880641152711495,
      "p": 0.004,
      "calmar": 0.7128
    },
    "gate": {
      "verdict": "adopt_d",
      "detail": "E[R] D=+5.84% A=+2.78%  MDD D=-8.2% A=-25.2%  Calmar D=0.713 A=0.110  우위 3/3"
    }
  },
  "engulfing_short": {
    "A": {
      "n": 87,
      "mean": 0.010762589996317098,
      "median": 0.046226135250840406,
      "maxloss": -0.2861191066997517,
      "avghold": 10.172413793103448,
      "excess": 0.01784085495503326,
      "p": 0.096,
      "calmar": 0.0376
    },
    "D": {
      "n": 87,
      "mean": 0.010480227850406315,
      "median": -0.019838182204289734,
      "maxloss": -0.082,
      "avghold": 9.091954022988507,
      "excess": 0.013536054002654238,
      "p": 0.13,
      "calmar": 0.1278
    },
    "gate": {
      "verdict": "adopt_d",
      "detail": "E[R] D=+1.05% A=+1.08%  MDD D=-8.2% A=-28.6%  Calmar D=0.128 A=0.038  우위 2/3"
    }
  },
  "fvg_short": {
    "A": {
      "n": 429,
      "mean": -0.00683611978598154,
      "median": -0.002647854880506893,
      "maxloss": -0.6632997658079625,
      "avghold": 9.741258741258742,
      "excess": 0.00037419990969438967,
      "p": 0.472,
      "calmar": -0.0103
    },
    "D": {
      "n": 429,
      "mean": -0.0010558453198029592,
      "median": -0.082,
      "maxloss": -0.082,
      "avghold": 11.452214452214452,
      "excess": 0.0027868498401168425,
      "p": 0.312,
      "calmar": -0.0129
    },
    "gate": {
      "verdict": "reject_d",
      "detail": "E[R] D=-0.11% A=-0.68%  MDD D=-8.2% A=-66.3%  Calmar D=-0.013 A=-0.010  우위 2/3  [기각: D 기대값 음수]"
    }
  }
}